Arquivo,Classe_Prevista,Confianca
principais_features_segmento_1.csv,Condição externa,0.6217
principais_features_segmento_10.csv,Condição interna,0.6695
principais_features_segmento_100.csv,Condição interna,0.8243
principais_features_segmento_1000.csv,Condição externa,0.5116
principais_features_segmento_101.csv,Condição externa,0.5573
principais_features_segmento_102.csv,Condição externa,0.5166
principais_features_segmento_103.csv,Condição externa,0.9716
principais_features_segmento_104.csv,Condição externa,0.6849
principais_features_segmento_105.csv,Condição interna,0.8587
principais_features_segmento_106.csv,Condição externa,0.7916
principais_features_segmento_107.csv,Condição interna,0.5885
principais_features_segmento_108.csv,Condição externa,0.5299
principais_features_segmento_109.csv,Condição externa,0.7578
principais_features_segmento_11.csv,Condição interna,0.5312
principais_features_segmento_110.csv,Condição externa,0.6155
principais_features_segmento_111.csv,Condição interna,0.5102
principais_features_segmento_112.csv,Condição interna,0.8499
principais_features_segmento_113.csv,Condição externa,0.6453
principais_features_segmento_114.csv,Condição externa,0.8977
principais_features_segmento_115.csv,Condição interna,0.5427
principais_features_segmento_116.csv,Condição externa,0.8620
principais_features_segmento_117.csv,Condição externa,0.5029
principais_features_segmento_118.csv,Condição externa,0.7559
principais_features_segmento_119.csv,Condição externa,0.7943
principais_features_segmento_12.csv,Condição interna,0.5051
principais_features_segmento_120.csv,Condição interna,0.8903
principais_features_segmento_121.csv,Condição externa,0.5654
principais_features_segmento_122.csv,Condição interna,0.5972
principais_features_segmento_123.csv,Condição interna,0.7561
principais_features_segmento_124.csv,Condição externa,0.7213
principais_features_segmento_125.csv,Condição externa,0.6534
principais_features_segmento_126.csv,Condição externa,0.6907
principais_features_segmento_127.csv,Condição interna,0.5919
principais_features_segmento_128.csv,Condição interna,0.8025
principais_features_segmento_129.csv,Condição interna,0.7002
principais_features_segmento_13.csv,Condição interna,0.8815
principais_features_segmento_130.csv,Condição externa,0.8497
principais_features_segmento_131.csv,Condição interna,0.7309
principais_features_segmento_132.csv,Condição externa,0.6628
principais_features_segmento_133.csv,Condição externa,0.8805
principais_features_segmento_134.csv,Condição externa,0.8613
principais_features_segmento_135.csv,Condição interna,0.5339
principais_features_segmento_136.csv,Condição externa,0.6849
principais_features_segmento_137.csv,Condição externa,0.7631
principais_features_segmento_138.csv,Condição interna,0.7261
principais_features_segmento_139.csv,Condição interna,0.7217
principais_features_segmento_14.csv,Condição externa,0.5319
principais_features_segmento_140.csv,Condição externa,0.7592
principais_features_segmento_141.csv,Condição interna,0.5315
principais_features_segmento_142.csv,Condição externa,0.7661
principais_features_segmento_143.csv,Condição externa,0.7420
principais_features_segmento_144.csv,Condição interna,0.6644
principais_features_segmento_145.csv,Condição interna,0.8148
principais_features_segmento_146.csv,Condição externa,0.5307
principais_features_segmento_147.csv,Condição externa,0.7637
principais_features_segmento_148.csv,Condição externa,0.6643
principais_features_segmento_149.csv,Condição externa,0.6789
principais_features_segmento_15.csv,Condição externa,0.8449
principais_features_segmento_150.csv,Condição interna,0.7575
principais_features_segmento_151.csv,Condição externa,0.6359
principais_features_segmento_152.csv,Condição externa,0.7740
principais_features_segmento_153.csv,Condição interna,0.8059
principais_features_segmento_154.csv,Condição externa,0.7939
principais_features_segmento_155.csv,Condição externa,0.5344
principais_features_segmento_156.csv,Condição externa,0.6000
principais_features_segmento_157.csv,Condição externa,0.6014
principais_features_segmento_158.csv,Condição externa,0.6124
principais_features_segmento_159.csv,Condição interna,0.6052
principais_features_segmento_16.csv,Condição interna,0.9345
principais_features_segmento_160.csv,Condição externa,0.6869
principais_features_segmento_161.csv,Condição interna,0.6498
principais_features_segmento_162.csv,Condição externa,0.9874
principais_features_segmento_163.csv,Condição externa,0.7403
principais_features_segmento_164.csv,Condição interna,0.8742
principais_features_segmento_165.csv,Condição externa,0.5595
principais_features_segmento_166.csv,Condição externa,0.5612
principais_features_segmento_167.csv,Condição externa,0.9550
principais_features_segmento_168.csv,Condição externa,0.6770
principais_features_segmento_169.csv,Condição interna,0.9330
principais_features_segmento_17.csv,Condição externa,0.6521
principais_features_segmento_170.csv,Condição externa,0.8335
principais_features_segmento_171.csv,Condição interna,0.6759
principais_features_segmento_172.csv,Condição externa,0.6829
principais_features_segmento_173.csv,Condição externa,0.6222
principais_features_segmento_174.csv,Condição interna,0.6106
principais_features_segmento_175.csv,Condição externa,0.7520
principais_features_segmento_176.csv,Condição externa,0.5932
principais_features_segmento_177.csv,Condição interna,0.6722
principais_features_segmento_178.csv,Condição externa,0.5802
principais_features_segmento_179.csv,Condição interna,0.6350
principais_features_segmento_18.csv,Condição externa,0.5024
principais_features_segmento_180.csv,Condição externa,0.5305
principais_features_segmento_181.csv,Condição externa,0.5521
principais_features_segmento_182.csv,Condição externa,0.7923
principais_features_segmento_183.csv,Condição externa,0.7341
principais_features_segmento_184.csv,Condição externa,0.6672
principais_features_segmento_185.csv,Condição externa,0.6916
principais_features_segmento_186.csv,Condição interna,0.6859
principais_features_segmento_187.csv,Condição interna,0.7811
principais_features_segmento_188.csv,Condição interna,0.4895
principais_features_segmento_189.csv,Condição externa,0.8504
principais_features_segmento_19.csv,Condição interna,0.4443
principais_features_segmento_190.csv,Condição interna,0.5237
principais_features_segmento_191.csv,Condição externa,0.7657
principais_features_segmento_192.csv,Condição externa,0.6002
principais_features_segmento_193.csv,Condição externa,0.5712
principais_features_segmento_194.csv,Condição interna,0.5298
principais_features_segmento_195.csv,Condição interna,0.7939
principais_features_segmento_196.csv,Condição externa,0.8962
principais_features_segmento_197.csv,Condição interna,0.6800
principais_features_segmento_198.csv,Condição externa,0.6864
principais_features_segmento_199.csv,Condição externa,0.5208
principais_features_segmento_2.csv,Condição interna,0.6587
principais_features_segmento_20.csv,Condição externa,0.6610
principais_features_segmento_200.csv,Condição interna,0.5948
principais_features_segmento_201.csv,Condição externa,0.8372
principais_features_segmento_202.csv,Condição externa,0.6682
principais_features_segmento_203.csv,Condição externa,0.5061
principais_features_segmento_204.csv,Condição interna,0.8583
principais_features_segmento_205.csv,Condição interna,0.6140
principais_features_segmento_206.csv,Condição externa,0.6088
principais_features_segmento_207.csv,Condição externa,0.8484
principais_features_segmento_208.csv,Condição externa,0.4823
principais_features_segmento_209.csv,Condição interna,0.5768
principais_features_segmento_21.csv,Condição interna,0.9525
principais_features_segmento_210.csv,Condição interna,0.8162
principais_features_segmento_211.csv,Condição externa,0.7222
principais_features_segmento_212.csv,Condição externa,0.5245
principais_features_segmento_213.csv,Condição interna,0.7025
principais_features_segmento_214.csv,Condição externa,0.6001
principais_features_segmento_215.csv,Condição interna,0.5894
principais_features_segmento_216.csv,Condição externa,0.8077
principais_features_segmento_217.csv,Condição interna,0.5575
principais_features_segmento_218.csv,Condição externa,0.8950
principais_features_segmento_219.csv,Condição externa,0.8040
principais_features_segmento_22.csv,Condição externa,0.7505
principais_features_segmento_220.csv,Condição interna,0.5874
principais_features_segmento_221.csv,Condição Esfera,0.4721
principais_features_segmento_222.csv,Condição externa,0.8250
principais_features_segmento_223.csv,Condição interna,0.8440
principais_features_segmento_224.csv,Condição externa,0.6706
principais_features_segmento_225.csv,Condição externa,0.7235
principais_features_segmento_226.csv,Condição interna,0.5005
principais_features_segmento_227.csv,Condição externa,0.5780
principais_features_segmento_228.csv,Condição interna,0.6744
principais_features_segmento_229.csv,Condição externa,0.7467
principais_features_segmento_23.csv,Condição interna,0.7044
principais_features_segmento_230.csv,Condição interna,0.7941
principais_features_segmento_231.csv,Condição externa,0.8184
principais_features_segmento_232.csv,Condição externa,0.5592
principais_features_segmento_233.csv,Condição externa,0.8816
principais_features_segmento_234.csv,Condição externa,0.8253
principais_features_segmento_235.csv,Condição interna,0.8750
principais_features_segmento_236.csv,Condição externa,0.5394
principais_features_segmento_237.csv,Condição interna,0.6083
principais_features_segmento_238.csv,Condição externa,0.5964
principais_features_segmento_239.csv,Condição externa,0.5612
principais_features_segmento_24.csv,Condição interna,0.9806
principais_features_segmento_240.csv,Condição externa,0.6078
principais_features_segmento_241.csv,Condição interna,0.5216
principais_features_segmento_242.csv,Condição interna,0.6240
principais_features_segmento_243.csv,Condição interna,0.6775
principais_features_segmento_244.csv,Condição interna,0.6895
principais_features_segmento_245.csv,Condição externa,0.7072
principais_features_segmento_246.csv,Condição externa,0.9855
principais_features_segmento_247.csv,Condição externa,0.5390
principais_features_segmento_248.csv,Condição externa,0.8655
principais_features_segmento_249.csv,Condição externa,0.8977
principais_features_segmento_25.csv,Condição externa,0.6576
principais_features_segmento_250.csv,Condição externa,0.8439
principais_features_segmento_251.csv,Condição interna,0.8389
principais_features_segmento_252.csv,Condição externa,0.6285
principais_features_segmento_253.csv,Condição interna,0.6760
principais_features_segmento_254.csv,Condição interna,0.6946
principais_features_segmento_255.csv,Condição interna,0.5613
principais_features_segmento_256.csv,Condição interna,0.7282
principais_features_segmento_257.csv,Condição externa,0.5187
principais_features_segmento_258.csv,Condição externa,0.7040
principais_features_segmento_259.csv,Condição interna,0.7786
principais_features_segmento_26.csv,Condição interna,0.6471
principais_features_segmento_260.csv,Condição interna,0.6398
principais_features_segmento_261.csv,Condição interna,0.7866
principais_features_segmento_262.csv,Condição externa,0.7893
principais_features_segmento_263.csv,Condição interna,0.7861
principais_features_segmento_264.csv,Condição externa,0.7919
principais_features_segmento_265.csv,Condição externa,0.5434
principais_features_segmento_266.csv,Condição externa,0.9042
principais_features_segmento_267.csv,Condição externa,0.8699
principais_features_segmento_268.csv,Condição interna,0.6214
principais_features_segmento_269.csv,Condição externa,0.4965
principais_features_segmento_27.csv,Condição interna,0.4965
principais_features_segmento_270.csv,Condição interna,0.5023
principais_features_segmento_271.csv,Condição interna,0.6356
principais_features_segmento_272.csv,Condição externa,0.5235
principais_features_segmento_273.csv,Condição externa,0.6169
principais_features_segmento_274.csv,Condição externa,0.5181
principais_features_segmento_275.csv,Condição externa,0.7145
principais_features_segmento_276.csv,Condição interna,0.9009
principais_features_segmento_277.csv,Condição externa,0.7268
principais_features_segmento_278.csv,Condição externa,0.7609
principais_features_segmento_279.csv,Condição interna,0.7211
principais_features_segmento_28.csv,Condição externa,0.5189
principais_features_segmento_280.csv,Condição externa,0.8227
principais_features_segmento_281.csv,Condição externa,0.5080
principais_features_segmento_282.csv,Condição externa,0.9932
principais_features_segmento_283.csv,Condição interna,0.5260
principais_features_segmento_284.csv,Condição externa,0.6701
principais_features_segmento_285.csv,Condição externa,0.8457
principais_features_segmento_286.csv,Condição interna,0.5840
principais_features_segmento_287.csv,Condição interna,0.9382
principais_features_segmento_288.csv,Condição externa,0.7556
principais_features_segmento_289.csv,Condição interna,0.5574
principais_features_segmento_29.csv,Condição interna,0.5814
principais_features_segmento_290.csv,Condição externa,0.6484
principais_features_segmento_291.csv,Condição externa,0.5840
principais_features_segmento_292.csv,Condição interna,0.8113
principais_features_segmento_293.csv,Condição interna,0.7715
principais_features_segmento_294.csv,Condição interna,0.7505
principais_features_segmento_295.csv,Condição externa,0.8252
principais_features_segmento_296.csv,Condição interna,0.8677
principais_features_segmento_297.csv,Condição externa,0.6486
principais_features_segmento_298.csv,Condição externa,0.7912
principais_features_segmento_299.csv,Condição interna,0.5929
principais_features_segmento_3.csv,Condição interna,0.5590
principais_features_segmento_30.csv,Condição interna,0.5204
principais_features_segmento_300.csv,Condição interna,0.7924
principais_features_segmento_301.csv,Condição externa,0.5489
principais_features_segmento_302.csv,Condição externa,0.6564
principais_features_segmento_303.csv,Condição interna,0.7221
principais_features_segmento_304.csv,Condição interna,0.7799
principais_features_segmento_305.csv,Condição externa,0.5419
principais_features_segmento_306.csv,Condição externa,0.6333
principais_features_segmento_307.csv,Condição externa,0.7254
principais_features_segmento_308.csv,Condição interna,0.7153
principais_features_segmento_309.csv,Condição interna,0.8278
principais_features_segmento_31.csv,Condição externa,0.5423
principais_features_segmento_310.csv,Condição interna,0.5274
principais_features_segmento_311.csv,Condição externa,0.8066
principais_features_segmento_312.csv,Condição externa,0.7226
principais_features_segmento_313.csv,Condição externa,0.6765
principais_features_segmento_314.csv,Condição interna,0.9202
principais_features_segmento_315.csv,Condição externa,0.7886
principais_features_segmento_316.csv,Condição externa,0.5567
principais_features_segmento_317.csv,Condição externa,0.8334
principais_features_segmento_318.csv,Condição externa,0.7514
principais_features_segmento_319.csv,Condição interna,0.6559
principais_features_segmento_32.csv,Condição interna,0.4935
principais_features_segmento_320.csv,Condição interna,0.4847
principais_features_segmento_321.csv,Condição externa,0.6165
principais_features_segmento_322.csv,Condição externa,0.6506
principais_features_segmento_323.csv,Condição externa,0.8916
principais_features_segmento_324.csv,Condição externa,0.6439
principais_features_segmento_325.csv,Condição interna,0.6095
principais_features_segmento_326.csv,Condição interna,0.7160
principais_features_segmento_327.csv,Condição interna,0.9580
principais_features_segmento_328.csv,Condição externa,0.6703
principais_features_segmento_329.csv,Condição interna,0.6330
principais_features_segmento_33.csv,Condição interna,0.8329
principais_features_segmento_330.csv,Condição externa,0.6262
principais_features_segmento_331.csv,Condição interna,0.7985
principais_features_segmento_332.csv,Condição interna,0.6789
principais_features_segmento_333.csv,Condição interna,0.5694
principais_features_segmento_334.csv,Condição interna,0.5130
principais_features_segmento_335.csv,Condição externa,0.7654
principais_features_segmento_336.csv,Condição interna,0.9158
principais_features_segmento_337.csv,Condição interna,0.7983
principais_features_segmento_338.csv,Condição interna,0.7094
principais_features_segmento_339.csv,Condição externa,0.9619
principais_features_segmento_34.csv,Condição externa,0.5308
principais_features_segmento_340.csv,Condição externa,0.8674
principais_features_segmento_341.csv,Condição interna,0.5337
principais_features_segmento_342.csv,Condição interna,0.5546
principais_features_segmento_343.csv,Condição interna,0.6446
principais_features_segmento_344.csv,Condição interna,0.6171
principais_features_segmento_345.csv,Condição externa,0.6710
principais_features_segmento_346.csv,Condição externa,0.6117
principais_features_segmento_347.csv,Condição interna,0.7604
principais_features_segmento_348.csv,Condição interna,0.4843
principais_features_segmento_349.csv,Condição interna,0.5796
principais_features_segmento_35.csv,Condição interna,0.9309
principais_features_segmento_350.csv,Condição externa,0.6825
principais_features_segmento_351.csv,Condição externa,0.6948
principais_features_segmento_352.csv,Condição interna,0.9013
principais_features_segmento_353.csv,Condição interna,0.5828
principais_features_segmento_354.csv,Condição interna,0.5601
principais_features_segmento_355.csv,Condição externa,0.9067
principais_features_segmento_356.csv,Condição externa,0.5934
principais_features_segmento_357.csv,Condição interna,0.5922
principais_features_segmento_358.csv,Condição externa,0.8535
principais_features_segmento_359.csv,Condição interna,0.6144
principais_features_segmento_36.csv,Condição externa,0.8755
principais_features_segmento_360.csv,Condição interna,0.8489
principais_features_segmento_361.csv,Condição externa,0.9088
principais_features_segmento_362.csv,Condição interna,0.8134
principais_features_segmento_363.csv,Condição interna,0.5021
principais_features_segmento_364.csv,Condição externa,0.8570
principais_features_segmento_365.csv,Condição interna,0.6153
principais_features_segmento_366.csv,Condição externa,0.5079
principais_features_segmento_367.csv,Condição interna,0.6436
principais_features_segmento_368.csv,Condição externa,0.8604
principais_features_segmento_369.csv,Condição interna,0.9205
principais_features_segmento_37.csv,Condição externa,0.8820
principais_features_segmento_370.csv,Condição interna,0.7134
principais_features_segmento_371.csv,Condição interna,0.7958
principais_features_segmento_372.csv,Condição externa,0.7778
principais_features_segmento_373.csv,Condição externa,0.7737
principais_features_segmento_374.csv,Condição interna,0.8527
principais_features_segmento_375.csv,Condição interna,0.5662
principais_features_segmento_376.csv,Condição interna,0.6206
principais_features_segmento_377.csv,Condição interna,0.5958
principais_features_segmento_378.csv,Condição externa,0.7328
principais_features_segmento_379.csv,Condição interna,0.5913
principais_features_segmento_38.csv,Condição interna,0.7641
principais_features_segmento_380.csv,Condição interna,0.5450
principais_features_segmento_381.csv,Condição externa,0.5535
principais_features_segmento_382.csv,Condição externa,0.9399
principais_features_segmento_383.csv,Condição externa,0.5881
principais_features_segmento_384.csv,Condição externa,0.7216
principais_features_segmento_385.csv,Condição externa,0.7464
principais_features_segmento_386.csv,Condição interna,0.7357
principais_features_segmento_387.csv,Condição interna,0.6695
principais_features_segmento_388.csv,Condição externa,0.8078
principais_features_segmento_389.csv,Condição externa,0.5920
principais_features_segmento_39.csv,Condição interna,0.6068
principais_features_segmento_390.csv,Condição interna,0.8266
principais_features_segmento_391.csv,Condição externa,0.5566
principais_features_segmento_392.csv,Condição interna,0.6184
principais_features_segmento_393.csv,Condição interna,0.6888
principais_features_segmento_394.csv,Condição externa,0.8053
principais_features_segmento_395.csv,Condição interna,0.7922
principais_features_segmento_396.csv,Condição externa,0.8098
principais_features_segmento_397.csv,Condição externa,0.6879
principais_features_segmento_398.csv,Condição interna,0.6078
principais_features_segmento_399.csv,Condição externa,0.7536
principais_features_segmento_4.csv,Condição externa,0.9192
principais_features_segmento_40.csv,Condição interna,0.8383
principais_features_segmento_400.csv,Condição externa,0.6973
principais_features_segmento_401.csv,Condição externa,0.5450
principais_features_segmento_402.csv,Condição interna,0.8446
principais_features_segmento_403.csv,Condição externa,0.5626
principais_features_segmento_404.csv,Condição externa,0.6049
principais_features_segmento_405.csv,Condição interna,0.5721
principais_features_segmento_406.csv,Condição externa,0.8616
principais_features_segmento_407.csv,Condição interna,0.6144
principais_features_segmento_408.csv,Condição externa,0.5899
principais_features_segmento_409.csv,Condição interna,0.8796
principais_features_segmento_41.csv,Condição interna,0.7180
principais_features_segmento_410.csv,Condição interna,0.8606
principais_features_segmento_411.csv,Condição externa,0.7978
principais_features_segmento_412.csv,Condição interna,0.5473
principais_features_segmento_413.csv,Condição Esfera,0.4035
principais_features_segmento_414.csv,Condição interna,0.8823
principais_features_segmento_415.csv,Condição externa,0.6558
principais_features_segmento_416.csv,Condição externa,0.7291
principais_features_segmento_417.csv,Condição externa,0.6706
principais_features_segmento_418.csv,Condição externa,0.6588
principais_features_segmento_419.csv,Condição externa,0.5047
principais_features_segmento_42.csv,Condição externa,0.4586
principais_features_segmento_420.csv,Condição interna,0.8114
principais_features_segmento_421.csv,Condição interna,0.5141
principais_features_segmento_422.csv,Condição externa,0.7744
principais_features_segmento_423.csv,Condição externa,0.7026
principais_features_segmento_424.csv,Condição interna,0.5904
principais_features_segmento_425.csv,Condição interna,0.6642
principais_features_segmento_426.csv,Condição interna,0.5237
principais_features_segmento_427.csv,Condição externa,0.6339
principais_features_segmento_428.csv,Condição interna,0.8988
principais_features_segmento_429.csv,Condição externa,0.7664
principais_features_segmento_43.csv,Condição externa,0.6380
principais_features_segmento_430.csv,Condição externa,0.5305
principais_features_segmento_431.csv,Condição externa,0.7613
principais_features_segmento_432.csv,Condição interna,0.4757
principais_features_segmento_433.csv,Condição interna,0.6191
principais_features_segmento_434.csv,Condição externa,0.8456
principais_features_segmento_435.csv,Condição interna,0.6106
principais_features_segmento_436.csv,Condição interna,0.4923
principais_features_segmento_437.csv,Condição interna,0.5709
principais_features_segmento_438.csv,Condição externa,0.7684
principais_features_segmento_439.csv,Condição externa,0.8106
principais_features_segmento_44.csv,Condição externa,0.9533
principais_features_segmento_440.csv,Condição externa,0.6073
principais_features_segmento_441.csv,Condição interna,0.5803
principais_features_segmento_442.csv,Condição interna,0.8429
principais_features_segmento_443.csv,Condição externa,0.5726
principais_features_segmento_444.csv,Condição interna,0.5640
principais_features_segmento_445.csv,Condição interna,0.8586
principais_features_segmento_446.csv,Condição externa,0.7339
principais_features_segmento_447.csv,Condição interna,0.9389
principais_features_segmento_448.csv,Condição interna,0.8037
principais_features_segmento_449.csv,Condição externa,0.7587
principais_features_segmento_45.csv,Condição interna,0.6608
principais_features_segmento_450.csv,Condição interna,0.7572
principais_features_segmento_451.csv,Condição externa,0.5100
principais_features_segmento_452.csv,Condição interna,0.7138
principais_features_segmento_453.csv,Condição interna,0.6899
principais_features_segmento_454.csv,Condição interna,0.5617
principais_features_segmento_455.csv,Condição externa,0.9078
principais_features_segmento_456.csv,Condição externa,0.8080
principais_features_segmento_457.csv,Condição externa,0.4989
principais_features_segmento_458.csv,Condição externa,0.7143
principais_features_segmento_459.csv,Condição externa,0.4973
principais_features_segmento_46.csv,Condição interna,0.6358
principais_features_segmento_460.csv,Condição interna,0.5213
principais_features_segmento_461.csv,Condição externa,0.4568
principais_features_segmento_462.csv,Condição externa,0.7161
principais_features_segmento_463.csv,Condição externa,0.7073
principais_features_segmento_464.csv,Condição externa,0.7904
principais_features_segmento_465.csv,Condição interna,0.5024
principais_features_segmento_466.csv,Condição externa,0.7220
principais_features_segmento_467.csv,Condição externa,0.7558
principais_features_segmento_468.csv,Condição interna,0.9148
principais_features_segmento_469.csv,Condição interna,0.5167
principais_features_segmento_47.csv,Condição Esfera,0.9586
principais_features_segmento_470.csv,Condição externa,0.6280
principais_features_segmento_471.csv,Condição Esfera,0.3079
principais_features_segmento_472.csv,Condição externa,0.8628
principais_features_segmento_473.csv,Condição interna,0.5439
principais_features_segmento_474.csv,Condição externa,0.8810
principais_features_segmento_475.csv,Condição interna,0.6097
principais_features_segmento_476.csv,Condição interna,0.7990
principais_features_segmento_477.csv,Condição interna,0.7339
principais_features_segmento_478.csv,Condição interna,0.7913
principais_features_segmento_479.csv,Condição externa,0.8870
principais_features_segmento_48.csv,Condição externa,0.7278
principais_features_segmento_480.csv,Condição externa,0.6335
principais_features_segmento_481.csv,Condição externa,0.7795
principais_features_segmento_482.csv,Condição interna,0.7812
principais_features_segmento_483.csv,Condição externa,0.5605
principais_features_segmento_484.csv,Condição externa,0.6308
principais_features_segmento_485.csv,Condição interna,0.8562
principais_features_segmento_486.csv,Condição externa,0.6800
principais_features_segmento_487.csv,Condição interna,0.5726
principais_features_segmento_488.csv,Condição externa,0.7032
principais_features_segmento_489.csv,Condição externa,0.8046
principais_features_segmento_49.csv,Condição interna,0.8745
principais_features_segmento_490.csv,Condição interna,0.8413
principais_features_segmento_491.csv,Condição interna,0.4989
principais_features_segmento_492.csv,Condição interna,0.6856
principais_features_segmento_493.csv,Condição interna,0.9415
principais_features_segmento_494.csv,Condição Esfera,0.6955
principais_features_segmento_495.csv,Condição externa,0.5812
principais_features_segmento_496.csv,Condição externa,0.5663
principais_features_segmento_497.csv,Condição interna,0.7943
principais_features_segmento_498.csv,Condição interna,0.5629
principais_features_segmento_499.csv,Condição interna,0.9063
principais_features_segmento_5.csv,Condição interna,0.7202
principais_features_segmento_50.csv,Condição interna,0.5112
principais_features_segmento_500.csv,Condição externa,0.7522
principais_features_segmento_501.csv,Condição Esfera,0.4529
principais_features_segmento_502.csv,Condição interna,0.5122
principais_features_segmento_503.csv,Condição externa,0.6654
principais_features_segmento_504.csv,Condição externa,0.8044
principais_features_segmento_505.csv,Condição interna,0.5404
principais_features_segmento_506.csv,Condição interna,0.6019
principais_features_segmento_507.csv,Condição externa,0.5856
principais_features_segmento_508.csv,Condição interna,0.7740
principais_features_segmento_509.csv,Condição interna,0.7136
principais_features_segmento_51.csv,Condição interna,0.5390
principais_features_segmento_510.csv,Condição externa,0.6797
principais_features_segmento_511.csv,Condição interna,0.8812
principais_features_segmento_512.csv,Condição externa,0.7923
principais_features_segmento_513.csv,Condição externa,0.6822
principais_features_segmento_514.csv,Condição externa,0.5183
principais_features_segmento_515.csv,Condição externa,0.6484
principais_features_segmento_516.csv,Condição interna,0.5643
principais_features_segmento_517.csv,Condição externa,0.6954
principais_features_segmento_518.csv,Condição interna,0.8846
principais_features_segmento_519.csv,Condição externa,0.4914
principais_features_segmento_52.csv,Condição externa,0.6744
principais_features_segmento_520.csv,Condição interna,0.6349
principais_features_segmento_521.csv,Condição externa,0.5552
principais_features_segmento_522.csv,Condição externa,0.6872
principais_features_segmento_523.csv,Condição interna,0.9098
principais_features_segmento_524.csv,Condição interna,0.6670
principais_features_segmento_525.csv,Condição interna,0.7629
principais_features_segmento_526.csv,Condição interna,0.6556
principais_features_segmento_527.csv,Condição externa,0.7774
principais_features_segmento_528.csv,Condição interna,0.7050
principais_features_segmento_529.csv,Condição Esfera,0.4469
principais_features_segmento_53.csv,Condição externa,0.8529
principais_features_segmento_530.csv,Condição externa,0.7187
principais_features_segmento_531.csv,Condição externa,0.9747
principais_features_segmento_532.csv,Condição externa,0.6758
principais_features_segmento_533.csv,Condição externa,0.8031
principais_features_segmento_534.csv,Condição externa,0.7314
principais_features_segmento_535.csv,Condição externa,0.5367
principais_features_segmento_536.csv,Condição externa,0.5062
principais_features_segmento_537.csv,Condição externa,0.6882
principais_features_segmento_538.csv,Condição interna,0.5161
principais_features_segmento_539.csv,Condição externa,0.9188
principais_features_segmento_54.csv,Condição externa,0.5783
principais_features_segmento_540.csv,Condição interna,0.5491
principais_features_segmento_541.csv,Condição interna,0.9006
principais_features_segmento_542.csv,Condição interna,0.4325
principais_features_segmento_543.csv,Condição externa,0.5391
principais_features_segmento_544.csv,Condição interna,0.7486
principais_features_segmento_545.csv,Condição externa,0.7938
principais_features_segmento_546.csv,Condição externa,0.6582
principais_features_segmento_547.csv,Condição externa,1.0000
principais_features_segmento_548.csv,Condição externa,0.5515
principais_features_segmento_549.csv,Condição interna,0.5284
principais_features_segmento_55.csv,Condição externa,0.9678
principais_features_segmento_550.csv,Condição externa,0.9314
principais_features_segmento_551.csv,Condição interna,0.7395
principais_features_segmento_552.csv,Condição interna,0.7853
principais_features_segmento_553.csv,Condição externa,0.8650
principais_features_segmento_554.csv,Condição externa,0.7627
principais_features_segmento_555.csv,Condição externa,0.7541
principais_features_segmento_556.csv,Condição interna,0.6795
principais_features_segmento_557.csv,Condição externa,0.7653
principais_features_segmento_558.csv,Condição interna,0.6996
principais_features_segmento_559.csv,Condição externa,0.6435
principais_features_segmento_56.csv,Condição interna,0.6816
principais_features_segmento_560.csv,Condição externa,0.6160
principais_features_segmento_561.csv,Condição interna,0.8353
principais_features_segmento_562.csv,Condição externa,0.9244
principais_features_segmento_563.csv,Condição interna,0.9477
principais_features_segmento_564.csv,Condição externa,0.4946
principais_features_segmento_565.csv,Condição externa,0.7122
principais_features_segmento_566.csv,Condição externa,0.6265
principais_features_segmento_567.csv,Condição externa,0.8567
principais_features_segmento_568.csv,Condição interna,0.5717
principais_features_segmento_569.csv,Condição interna,0.5702
principais_features_segmento_57.csv,Condição interna,0.9178
principais_features_segmento_570.csv,Condição externa,0.8470
principais_features_segmento_571.csv,Condição externa,0.9098
principais_features_segmento_572.csv,Condição externa,0.8567
principais_features_segmento_573.csv,Condição externa,0.6323
principais_features_segmento_574.csv,Condição externa,0.8499
principais_features_segmento_575.csv,Condição externa,0.5430
principais_features_segmento_576.csv,Condição externa,0.7439
principais_features_segmento_577.csv,Condição externa,0.5326
principais_features_segmento_578.csv,Condição interna,0.5258
principais_features_segmento_579.csv,Condição interna,0.7700
principais_features_segmento_58.csv,Condição externa,0.8151
principais_features_segmento_580.csv,Condição externa,0.8618
principais_features_segmento_581.csv,Condição externa,0.5344
principais_features_segmento_582.csv,Condição externa,0.9536
principais_features_segmento_583.csv,Condição externa,0.8993
principais_features_segmento_584.csv,Condição interna,0.8066
principais_features_segmento_585.csv,Condição externa,0.6119
principais_features_segmento_586.csv,Condição externa,0.5519
principais_features_segmento_587.csv,Condição externa,0.9361
principais_features_segmento_588.csv,Condição externa,0.8692
principais_features_segmento_589.csv,Condição externa,0.5627
principais_features_segmento_59.csv,Condição externa,0.5000
principais_features_segmento_590.csv,Condição interna,0.8793
principais_features_segmento_591.csv,Condição interna,0.6033
principais_features_segmento_592.csv,Condição externa,0.6480
principais_features_segmento_593.csv,Condição externa,0.5839
principais_features_segmento_594.csv,Condição interna,0.6855
principais_features_segmento_595.csv,Condição externa,0.8929
principais_features_segmento_596.csv,Condição interna,0.8005
principais_features_segmento_597.csv,Condição externa,0.6749
principais_features_segmento_598.csv,Condição externa,0.6273
principais_features_segmento_599.csv,Condição externa,0.6725
principais_features_segmento_6.csv,Condição externa,0.6835
principais_features_segmento_60.csv,Condição externa,0.8543
principais_features_segmento_600.csv,Condição externa,0.6292
principais_features_segmento_601.csv,Condição interna,0.7912
principais_features_segmento_602.csv,Condição externa,0.6708
principais_features_segmento_603.csv,Condição externa,0.7380
principais_features_segmento_604.csv,Condição externa,0.6805
principais_features_segmento_605.csv,Condição externa,0.6823
principais_features_segmento_606.csv,Condição externa,0.6002
principais_features_segmento_607.csv,Condição interna,0.5281
principais_features_segmento_608.csv,Condição externa,0.7321
principais_features_segmento_609.csv,Condição interna,0.8079
principais_features_segmento_61.csv,Condição externa,0.6871
principais_features_segmento_610.csv,Condição externa,0.8607
principais_features_segmento_611.csv,Condição externa,0.6927
principais_features_segmento_612.csv,Condição externa,0.6868
principais_features_segmento_613.csv,Condição externa,0.5230
principais_features_segmento_614.csv,Condição interna,0.6474
principais_features_segmento_615.csv,Condição externa,0.8452
principais_features_segmento_616.csv,Condição externa,0.8846
principais_features_segmento_617.csv,Condição interna,0.6652
principais_features_segmento_618.csv,Condição externa,0.7366
principais_features_segmento_619.csv,Condição externa,0.7838
principais_features_segmento_62.csv,Condição interna,0.6316
principais_features_segmento_620.csv,Condição externa,1.0000
principais_features_segmento_621.csv,Condição externa,0.7240
principais_features_segmento_622.csv,Condição externa,0.6862
principais_features_segmento_623.csv,Condição externa,0.8885
principais_features_segmento_624.csv,Condição interna,0.5483
principais_features_segmento_625.csv,Condição interna,0.7603
principais_features_segmento_626.csv,Condição externa,0.8730
principais_features_segmento_627.csv,Condição interna,0.6400
principais_features_segmento_628.csv,Condição externa,0.7684
principais_features_segmento_629.csv,Condição interna,0.5331
principais_features_segmento_63.csv,Condição interna,0.7320
principais_features_segmento_630.csv,Condição externa,0.5272
principais_features_segmento_631.csv,Condição externa,0.5656
principais_features_segmento_632.csv,Condição interna,0.5301
principais_features_segmento_633.csv,Condição externa,0.8418
principais_features_segmento_634.csv,Condição interna,0.6408
principais_features_segmento_635.csv,Condição externa,0.8418
principais_features_segmento_636.csv,Condição externa,0.7316
principais_features_segmento_637.csv,Condição externa,0.9027
principais_features_segmento_638.csv,Condição externa,0.7627
principais_features_segmento_639.csv,Condição externa,0.7181
principais_features_segmento_64.csv,Condição interna,0.9335
principais_features_segmento_640.csv,Condição externa,0.6511
principais_features_segmento_641.csv,Condição externa,0.6086
principais_features_segmento_642.csv,Condição interna,0.7579
principais_features_segmento_643.csv,Condição externa,0.7127
principais_features_segmento_644.csv,Condição externa,0.7088
principais_features_segmento_645.csv,Condição externa,0.5861
principais_features_segmento_646.csv,Condição interna,0.7548
principais_features_segmento_647.csv,Condição interna,0.5440
principais_features_segmento_648.csv,Condição interna,0.5798
principais_features_segmento_649.csv,Condição externa,0.9151
principais_features_segmento_65.csv,Condição Esfera,0.5230
principais_features_segmento_650.csv,Condição externa,0.6574
principais_features_segmento_651.csv,Condição externa,0.6433
principais_features_segmento_652.csv,Condição externa,0.9326
principais_features_segmento_653.csv,Condição externa,0.8638
principais_features_segmento_654.csv,Condição externa,0.5008
principais_features_segmento_655.csv,Condição interna,0.8510
principais_features_segmento_656.csv,Condição externa,0.9239
principais_features_segmento_657.csv,Condição interna,0.6502
principais_features_segmento_658.csv,Condição externa,0.6767
principais_features_segmento_659.csv,Condição externa,0.5273
principais_features_segmento_66.csv,Condição externa,0.5784
principais_features_segmento_660.csv,Condição interna,0.8130
principais_features_segmento_661.csv,Condição externa,0.7761
principais_features_segmento_662.csv,Condição interna,0.5170
principais_features_segmento_663.csv,Condição externa,0.7157
principais_features_segmento_664.csv,Condição interna,0.5075
principais_features_segmento_665.csv,Condição interna,0.7375
principais_features_segmento_666.csv,Condição externa,0.7342
principais_features_segmento_667.csv,Condição interna,0.7011
principais_features_segmento_668.csv,Condição externa,0.8390
principais_features_segmento_669.csv,Condição externa,0.5102
principais_features_segmento_67.csv,Condição interna,0.8614
principais_features_segmento_670.csv,Condição externa,0.5863
principais_features_segmento_671.csv,Condição externa,0.7511
principais_features_segmento_672.csv,Condição externa,0.6499
principais_features_segmento_673.csv,Condição interna,0.5276
principais_features_segmento_674.csv,Condição interna,0.5063
principais_features_segmento_675.csv,Condição interna,0.5758
principais_features_segmento_676.csv,Condição externa,0.6876
principais_features_segmento_677.csv,Condição interna,0.6916
principais_features_segmento_678.csv,Condição externa,0.8719
principais_features_segmento_679.csv,Condição externa,0.5712
principais_features_segmento_68.csv,Condição interna,0.9007
principais_features_segmento_680.csv,Condição externa,0.5485
principais_features_segmento_681.csv,Condição externa,0.7453
principais_features_segmento_682.csv,Condição externa,0.6493
principais_features_segmento_683.csv,Condição externa,0.7245
principais_features_segmento_684.csv,Condição interna,0.5917
principais_features_segmento_685.csv,Condição externa,0.5069
principais_features_segmento_686.csv,Condição externa,0.6726
principais_features_segmento_687.csv,Condição interna,0.5338
principais_features_segmento_688.csv,Condição externa,0.9122
principais_features_segmento_689.csv,Condição externa,0.7120
principais_features_segmento_69.csv,Condição externa,0.7595
principais_features_segmento_690.csv,Condição interna,0.7183
principais_features_segmento_691.csv,Condição externa,0.6559
principais_features_segmento_692.csv,Condição externa,0.8076
principais_features_segmento_693.csv,Condição interna,0.7370
principais_features_segmento_694.csv,Condição interna,0.6834
principais_features_segmento_695.csv,Condição externa,0.6768
principais_features_segmento_696.csv,Condição externa,0.8959
principais_features_segmento_697.csv,Condição interna,0.6388
principais_features_segmento_698.csv,Condição interna,0.7394
principais_features_segmento_699.csv,Condição externa,0.6373
principais_features_segmento_7.csv,Condição interna,0.8317
principais_features_segmento_70.csv,Condição externa,0.6317
principais_features_segmento_700.csv,Condição interna,0.5901
principais_features_segmento_701.csv,Condição externa,0.6207
principais_features_segmento_702.csv,Condição externa,0.5796
principais_features_segmento_703.csv,Condição interna,0.5333
principais_features_segmento_704.csv,Condição externa,0.8267
principais_features_segmento_705.csv,Condição externa,0.6998
principais_features_segmento_706.csv,Condição externa,0.6264
principais_features_segmento_707.csv,Condição interna,0.7665
principais_features_segmento_708.csv,Condição interna,0.5738
principais_features_segmento_709.csv,Condição externa,0.5431
principais_features_segmento_71.csv,Condição externa,0.6486
principais_features_segmento_710.csv,Condição interna,0.5327
principais_features_segmento_711.csv,Condição externa,0.8694
principais_features_segmento_712.csv,Condição externa,0.5295
principais_features_segmento_713.csv,Condição interna,0.7315
principais_features_segmento_714.csv,Condição interna,0.5303
principais_features_segmento_715.csv,Condição interna,0.7313
principais_features_segmento_716.csv,Condição externa,0.8756
principais_features_segmento_717.csv,Condição externa,0.7471
principais_features_segmento_718.csv,Condição interna,0.7147
principais_features_segmento_719.csv,Condição interna,0.5645
principais_features_segmento_72.csv,Condição interna,0.5814
principais_features_segmento_720.csv,Condição externa,0.5173
principais_features_segmento_721.csv,Condição interna,0.5656
principais_features_segmento_722.csv,Condição externa,0.7785
principais_features_segmento_723.csv,Condição externa,0.9411
principais_features_segmento_724.csv,Condição externa,0.4746
principais_features_segmento_725.csv,Condição externa,0.7326
principais_features_segmento_726.csv,Condição externa,0.8486
principais_features_segmento_727.csv,Condição interna,0.5973
principais_features_segmento_728.csv,Condição interna,0.5708
principais_features_segmento_729.csv,Condição externa,0.9377
principais_features_segmento_73.csv,Condição interna,0.7214
principais_features_segmento_730.csv,Condição externa,0.5339
principais_features_segmento_731.csv,Condição externa,0.9906
principais_features_segmento_732.csv,Condição externa,0.7966
principais_features_segmento_733.csv,Condição interna,0.6431
principais_features_segmento_734.csv,Condição externa,0.9056
principais_features_segmento_735.csv,Condição externa,0.7845
principais_features_segmento_736.csv,Condição externa,0.9680
principais_features_segmento_737.csv,Condição externa,0.8839
principais_features_segmento_738.csv,Condição externa,0.4972
principais_features_segmento_739.csv,Condição externa,0.8741
principais_features_segmento_74.csv,Condição externa,0.7902
principais_features_segmento_740.csv,Condição interna,0.8939
principais_features_segmento_741.csv,Condição interna,0.8832
principais_features_segmento_742.csv,Condição externa,0.6176
principais_features_segmento_743.csv,Condição interna,0.8066
principais_features_segmento_744.csv,Condição externa,0.8234
principais_features_segmento_745.csv,Condição interna,0.7649
principais_features_segmento_746.csv,Condição interna,0.7922
principais_features_segmento_747.csv,Condição interna,0.7457
principais_features_segmento_748.csv,Condição interna,0.9085
principais_features_segmento_749.csv,Condição externa,0.8141
principais_features_segmento_75.csv,Condição interna,0.7972
principais_features_segmento_750.csv,Condição interna,0.6768
principais_features_segmento_751.csv,Condição externa,0.5213
principais_features_segmento_752.csv,Condição externa,0.6525
principais_features_segmento_753.csv,Condição externa,0.9954
principais_features_segmento_754.csv,Condição externa,0.8009
principais_features_segmento_755.csv,Condição externa,0.6639
principais_features_segmento_756.csv,Condição interna,0.4906
principais_features_segmento_757.csv,Condição interna,0.6088
principais_features_segmento_758.csv,Condição interna,0.8520
principais_features_segmento_759.csv,Condição externa,0.5907
principais_features_segmento_76.csv,Condição interna,0.5231
principais_features_segmento_760.csv,Condição externa,0.7318
principais_features_segmento_761.csv,Condição interna,0.4702
principais_features_segmento_762.csv,Condição interna,0.5704
principais_features_segmento_763.csv,Condição interna,0.6121
principais_features_segmento_764.csv,Condição externa,0.4870
principais_features_segmento_765.csv,Condição interna,0.5114
principais_features_segmento_766.csv,Condição Esfera,0.7779
principais_features_segmento_767.csv,Condição externa,0.7409
principais_features_segmento_768.csv,Condição externa,0.5724
principais_features_segmento_769.csv,Condição externa,0.9026
principais_features_segmento_77.csv,Condição externa,0.7311
principais_features_segmento_770.csv,Condição interna,0.5053
principais_features_segmento_771.csv,Condição interna,0.5588
principais_features_segmento_772.csv,Condição interna,0.6165
principais_features_segmento_773.csv,Condição interna,0.7829
principais_features_segmento_774.csv,Condição interna,0.7887
principais_features_segmento_775.csv,Condição externa,0.6467
principais_features_segmento_776.csv,Condição interna,0.5182
principais_features_segmento_777.csv,Condição externa,0.5810
principais_features_segmento_778.csv,Condição interna,0.8195
principais_features_segmento_779.csv,Condição interna,0.5283
principais_features_segmento_78.csv,Condição externa,0.6017
principais_features_segmento_780.csv,Condição externa,0.5977
principais_features_segmento_781.csv,Condição interna,0.7945
principais_features_segmento_782.csv,Condição externa,0.7034
principais_features_segmento_783.csv,Condição interna,0.6631
principais_features_segmento_784.csv,Condição externa,0.5849
principais_features_segmento_785.csv,Condição externa,0.7034
principais_features_segmento_786.csv,Condição externa,0.7423
principais_features_segmento_787.csv,Condição externa,0.7161
principais_features_segmento_788.csv,Condição interna,0.6228
principais_features_segmento_789.csv,Condição externa,0.5669
principais_features_segmento_79.csv,Condição interna,0.7008
principais_features_segmento_790.csv,Condição interna,0.7646
principais_features_segmento_791.csv,Condição interna,0.7346
principais_features_segmento_792.csv,Condição externa,0.5552
principais_features_segmento_793.csv,Condição interna,0.7795
principais_features_segmento_794.csv,Condição externa,0.8346
principais_features_segmento_795.csv,Condição interna,0.7666
principais_features_segmento_796.csv,Condição externa,0.8112
principais_features_segmento_797.csv,Condição interna,0.5915
principais_features_segmento_798.csv,Condição externa,0.7936
principais_features_segmento_799.csv,Condição interna,0.5299
principais_features_segmento_8.csv,Condição interna,0.9034
principais_features_segmento_80.csv,Condição interna,0.9521
principais_features_segmento_800.csv,Condição interna,0.5465
principais_features_segmento_801.csv,Condição interna,0.8467
principais_features_segmento_802.csv,Condição externa,0.8602
principais_features_segmento_803.csv,Condição externa,0.6077
principais_features_segmento_804.csv,Condição externa,0.9718
principais_features_segmento_805.csv,Condição externa,0.7043
principais_features_segmento_806.csv,Condição interna,0.8992
principais_features_segmento_807.csv,Condição externa,0.7693
principais_features_segmento_808.csv,Condição externa,0.5459
principais_features_segmento_809.csv,Condição interna,0.5873
principais_features_segmento_81.csv,Condição externa,0.7874
principais_features_segmento_810.csv,Condição externa,0.7734
principais_features_segmento_811.csv,Condição interna,0.8443
principais_features_segmento_812.csv,Condição externa,0.9881
principais_features_segmento_813.csv,Condição externa,0.6020
principais_features_segmento_814.csv,Condição interna,0.6882
principais_features_segmento_815.csv,Condição externa,0.5249
principais_features_segmento_816.csv,Condição interna,0.6775
principais_features_segmento_817.csv,Condição externa,0.7385
principais_features_segmento_818.csv,Condição interna,0.6944
principais_features_segmento_819.csv,Condição interna,0.6251
principais_features_segmento_82.csv,Condição interna,0.5707
principais_features_segmento_820.csv,Condição interna,0.5999
principais_features_segmento_821.csv,Condição interna,0.7569
principais_features_segmento_822.csv,Condição interna,0.5894
principais_features_segmento_823.csv,Condição interna,0.7358
principais_features_segmento_824.csv,Condição interna,0.7748
principais_features_segmento_825.csv,Condição interna,0.7300
principais_features_segmento_826.csv,Condição interna,0.5794
principais_features_segmento_827.csv,Condição externa,0.7515
principais_features_segmento_828.csv,Condição interna,0.7245
principais_features_segmento_829.csv,Condição externa,0.7820
principais_features_segmento_83.csv,Condição interna,0.8065
principais_features_segmento_830.csv,Condição interna,0.8040
principais_features_segmento_831.csv,Condição externa,0.6146
principais_features_segmento_832.csv,Condição externa,0.7879
principais_features_segmento_833.csv,Condição externa,0.8071
principais_features_segmento_834.csv,Condição interna,0.6511
principais_features_segmento_835.csv,Condição interna,0.5192
principais_features_segmento_836.csv,Condição externa,0.7632
principais_features_segmento_837.csv,Condição externa,0.8277
principais_features_segmento_838.csv,Condição externa,0.8496
principais_features_segmento_839.csv,Condição interna,0.8795
principais_features_segmento_84.csv,Condição externa,0.5767
principais_features_segmento_840.csv,Condição externa,0.6674
principais_features_segmento_841.csv,Condição externa,0.7663
principais_features_segmento_842.csv,Condição interna,0.8658
principais_features_segmento_843.csv,Condição externa,0.7048
principais_features_segmento_844.csv,Condição interna,0.9335
principais_features_segmento_845.csv,Condição externa,0.8815
principais_features_segmento_846.csv,Condição interna,0.6951
principais_features_segmento_847.csv,Condição interna,0.6619
principais_features_segmento_848.csv,Condição externa,0.9204
principais_features_segmento_849.csv,Condição interna,0.8024
principais_features_segmento_85.csv,Condição interna,0.8500
principais_features_segmento_850.csv,Condição externa,0.7093
principais_features_segmento_851.csv,Condição externa,0.7147
principais_features_segmento_852.csv,Condição interna,0.5383
principais_features_segmento_853.csv,Condição interna,0.4978
principais_features_segmento_854.csv,Condição interna,0.5753
principais_features_segmento_855.csv,Condição externa,0.7475
principais_features_segmento_856.csv,Condição externa,0.5638
principais_features_segmento_857.csv,Condição externa,0.5784
principais_features_segmento_858.csv,Condição interna,0.5727
principais_features_segmento_859.csv,Condição externa,0.7899
principais_features_segmento_86.csv,Condição externa,0.6271
principais_features_segmento_860.csv,Condição interna,0.6122
principais_features_segmento_861.csv,Condição interna,0.9953
principais_features_segmento_862.csv,Condição interna,0.5798
principais_features_segmento_863.csv,Condição interna,0.5383
principais_features_segmento_864.csv,Condição externa,0.5991
principais_features_segmento_865.csv,Condição interna,0.4980
principais_features_segmento_866.csv,Condição interna,0.6231
principais_features_segmento_867.csv,Condição interna,0.5734
principais_features_segmento_868.csv,Condição externa,0.7299
principais_features_segmento_869.csv,Condição externa,0.6017
principais_features_segmento_87.csv,Condição interna,0.6435
principais_features_segmento_870.csv,Condição externa,0.6579
principais_features_segmento_871.csv,Condição interna,0.6424
principais_features_segmento_872.csv,Condição interna,0.7439
principais_features_segmento_873.csv,Condição externa,0.6462
principais_features_segmento_874.csv,Condição externa,0.7069
principais_features_segmento_875.csv,Condição externa,0.7969
principais_features_segmento_876.csv,Condição interna,0.5666
principais_features_segmento_877.csv,Condição externa,0.6632
principais_features_segmento_878.csv,Condição externa,0.5299
principais_features_segmento_879.csv,Condição interna,0.5721
principais_features_segmento_88.csv,Condição externa,0.7164
principais_features_segmento_880.csv,Condição Esfera,0.4339
principais_features_segmento_881.csv,Condição externa,0.5721
principais_features_segmento_882.csv,Condição interna,0.9447
principais_features_segmento_883.csv,Condição externa,0.8978
principais_features_segmento_884.csv,Condição interna,0.5011
principais_features_segmento_885.csv,Condição Esfera,0.6678
principais_features_segmento_886.csv,Condição externa,0.5840
principais_features_segmento_887.csv,Condição interna,0.8708
principais_features_segmento_888.csv,Condição externa,0.5237
principais_features_segmento_889.csv,Condição interna,0.7926
principais_features_segmento_89.csv,Condição interna,0.9441
principais_features_segmento_890.csv,Condição interna,0.7381
principais_features_segmento_891.csv,Condição externa,0.6867
principais_features_segmento_892.csv,Condição interna,0.7360
principais_features_segmento_893.csv,Condição interna,0.6668
principais_features_segmento_894.csv,Condição interna,0.5658
principais_features_segmento_895.csv,Condição externa,0.7108
principais_features_segmento_896.csv,Condição externa,0.5591
principais_features_segmento_897.csv,Condição interna,0.8791
principais_features_segmento_898.csv,Condição Esfera,0.4744
principais_features_segmento_899.csv,Condição interna,0.6522
principais_features_segmento_9.csv,Condição externa,0.6245
principais_features_segmento_90.csv,Condição interna,0.8101
principais_features_segmento_900.csv,Condição externa,0.8410
principais_features_segmento_901.csv,Condição interna,0.6200
principais_features_segmento_902.csv,Condição interna,0.7724
principais_features_segmento_903.csv,Condição externa,0.5534
principais_features_segmento_904.csv,Condição interna,0.8719
principais_features_segmento_905.csv,Condição interna,0.6413
principais_features_segmento_906.csv,Condição externa,0.5690
principais_features_segmento_907.csv,Condição interna,0.7260
principais_features_segmento_908.csv,Condição externa,0.5955
principais_features_segmento_909.csv,Condição externa,0.6061
principais_features_segmento_91.csv,Condição Esfera,0.4123
principais_features_segmento_910.csv,Condição externa,0.8480
principais_features_segmento_911.csv,Condição interna,0.6642
principais_features_segmento_912.csv,Condição externa,0.7702
principais_features_segmento_913.csv,Condição externa,0.6612
principais_features_segmento_914.csv,Condição externa,0.6319
principais_features_segmento_915.csv,Condição externa,0.7338
principais_features_segmento_916.csv,Condição externa,0.6605
principais_features_segmento_917.csv,Condição interna,0.5843
principais_features_segmento_918.csv,Condição externa,0.8507
principais_features_segmento_919.csv,Condição externa,0.7003
principais_features_segmento_92.csv,Condição externa,0.8637
principais_features_segmento_920.csv,Condição interna,0.8939
principais_features_segmento_921.csv,Condição externa,0.7133
principais_features_segmento_922.csv,Condição interna,0.8987
principais_features_segmento_923.csv,Condição externa,0.6438
principais_features_segmento_924.csv,Condição interna,0.6535
principais_features_segmento_925.csv,Condição interna,0.8484
principais_features_segmento_926.csv,Condição interna,0.5283
principais_features_segmento_927.csv,Condição interna,0.6997
principais_features_segmento_928.csv,Condição externa,0.5835
principais_features_segmento_929.csv,Condição externa,0.5341
principais_features_segmento_93.csv,Condição externa,0.6360
principais_features_segmento_930.csv,Condição interna,0.7998
principais_features_segmento_931.csv,Condição externa,0.9224
principais_features_segmento_932.csv,Condição interna,0.8397
principais_features_segmento_933.csv,Condição externa,0.5900
principais_features_segmento_934.csv,Condição interna,0.5270
principais_features_segmento_935.csv,Condição externa,0.6558
principais_features_segmento_936.csv,Condição externa,0.7563
principais_features_segmento_937.csv,Condição interna,0.6079
principais_features_segmento_938.csv,Condição interna,0.6496
principais_features_segmento_939.csv,Condição interna,0.7638
principais_features_segmento_94.csv,Condição interna,0.7180
principais_features_segmento_940.csv,Condição interna,0.8302
principais_features_segmento_941.csv,Condição externa,0.6873
principais_features_segmento_942.csv,Condição interna,0.5393
principais_features_segmento_943.csv,Condição externa,0.6351
principais_features_segmento_944.csv,Condição interna,0.7615
principais_features_segmento_945.csv,Condição interna,0.7854
principais_features_segmento_946.csv,Condição interna,0.5748
principais_features_segmento_947.csv,Condição interna,0.6964
principais_features_segmento_948.csv,Condição externa,0.9347
principais_features_segmento_949.csv,Condição externa,0.5403
principais_features_segmento_95.csv,Condição interna,0.7856
principais_features_segmento_950.csv,Condição interna,0.7934
principais_features_segmento_951.csv,Condição externa,0.8911
principais_features_segmento_952.csv,Condição externa,0.7697
principais_features_segmento_953.csv,Condição externa,0.9309
principais_features_segmento_954.csv,Condição externa,0.8280
principais_features_segmento_955.csv,Condição interna,0.7941
principais_features_segmento_956.csv,Condição externa,0.5168
principais_features_segmento_957.csv,Condição externa,0.5117
principais_features_segmento_958.csv,Condição externa,0.9909
principais_features_segmento_959.csv,Condição externa,0.8070
principais_features_segmento_96.csv,Condição externa,0.6314
principais_features_segmento_960.csv,Condição externa,0.6366
principais_features_segmento_961.csv,Condição externa,0.8431
principais_features_segmento_962.csv,Condição externa,0.6458
principais_features_segmento_963.csv,Condição interna,0.6171
principais_features_segmento_964.csv,Condição externa,0.8046
principais_features_segmento_965.csv,Condição interna,0.8347
principais_features_segmento_966.csv,Condição externa,0.8123
principais_features_segmento_967.csv,Condição interna,0.5894
principais_features_segmento_968.csv,Condição interna,0.6326
principais_features_segmento_969.csv,Condição interna,0.5740
principais_features_segmento_97.csv,Condição interna,0.5674
principais_features_segmento_970.csv,Condição interna,0.6408
principais_features_segmento_971.csv,Condição externa,0.5846
principais_features_segmento_972.csv,Condição interna,0.6359
principais_features_segmento_973.csv,Condição interna,0.5850
principais_features_segmento_974.csv,Condição externa,0.5808
principais_features_segmento_975.csv,Condição interna,0.5091
principais_features_segmento_976.csv,Condição externa,0.6678
principais_features_segmento_977.csv,Condição interna,0.5088
principais_features_segmento_978.csv,Condição externa,0.6279
principais_features_segmento_979.csv,Condição interna,0.7971
principais_features_segmento_98.csv,Condição externa,0.9338
principais_features_segmento_980.csv,Condição externa,0.6416
principais_features_segmento_981.csv,Condição externa,0.5228
principais_features_segmento_982.csv,Condição interna,0.6334
principais_features_segmento_983.csv,Condição externa,0.7199
principais_features_segmento_984.csv,Condição externa,0.5285
principais_features_segmento_985.csv,Condição interna,0.5307
principais_features_segmento_986.csv,Condição interna,0.5382
principais_features_segmento_987.csv,Condição externa,0.6366
principais_features_segmento_988.csv,Condição externa,0.6066
principais_features_segmento_989.csv,Condição externa,0.5964
principais_features_segmento_99.csv,Condição externa,0.7594
principais_features_segmento_990.csv,Condição externa,0.8849
principais_features_segmento_991.csv,Condição externa,0.8759
principais_features_segmento_992.csv,Condição interna,0.5304
principais_features_segmento_993.csv,Condição interna,0.7331
principais_features_segmento_994.csv,Condição externa,0.8846
principais_features_segmento_995.csv,Condição interna,0.5709
principais_features_segmento_996.csv,Condição externa,0.6364
principais_features_segmento_997.csv,Condição externa,0.5179
principais_features_segmento_998.csv,Condição interna,0.9306
principais_features_segmento_999.csv,Condição interna,0.6316
